,Words,ScreenNames,LexHashtags,AveWords
0,0.3554848123093248,0.4675324675324675,0.2582781456953642,12.565
