,positivesenti,neutralsenti,negativesenti
0,30.58823529411765,11.764705882352942,57.64705882352941
